n,media_x,media_x2,ajuste
0,0.0,0.0,-0.40869651741292246
1,-0.018,1.0,0.6296927363184206
2,-0.023,2.086,1.6680819900497637
3,-0.003,3.148,2.706471243781107
4,-0.029,4.138,3.74486049751245
5,-0.056,5.152,4.783249751243793
6,-0.068,6.296,5.821639004975136
7,-0.055,7.232,6.860028258706479
8,-0.034,8.16,7.898417512437822
9,-0.005,9.36,8.936806766169164
10,0.0,10.576,9.975196019900508
11,0.027,11.4,11.013585273631852
12,0.034,12.328,12.051974527363194
13,0.045,13.528,13.090363781094537
14,0.074,14.572,14.12875303482588
15,0.093,15.456,15.167142288557224
16,0.096,16.084,16.205531542288565
17,0.116,17.176,17.243920796019907
18,0.128,18.444,18.28231004975125
19,0.171,19.688,19.320699303482595
20,0.18,20.884,20.359088557213937
21,0.172,21.736,21.39747781094528
22,0.14,22.512,22.435867064676625
23,0.134,23.688,23.474256318407967
24,0.105,24.782,24.51264557213931
25,0.107,25.452,25.55103482587065
26,0.119,26.686,26.589424079601994
27,0.145,27.312,27.62781333333334
28,0.171,28.314,28.66620258706468
29,0.212,29.748,29.704591840796024
30,0.246,30.648,30.74298109452737
31,0.264,31.528,31.781370348258708
32,0.229,32.646,32.81975960199006
33,0.227,33.984,33.8581488557214
34,0.22,35.056,34.89653810945274
35,0.227,36.132,35.93492736318409
36,0.228,37.224,36.973316616915426
37,0.238,38.124,38.01170587064677
38,0.255,39.182,39.05009512437812
39,0.251,40.112,40.088484378109456
40,0.254,41.04,41.1268736318408
41,0.27,41.944,42.16526288557215
42,0.276,42.736,43.203652139303486
43,0.291,43.472,44.24204139303483
44,0.273,44.994,45.28043064676618
45,0.3,45.944,46.318819900497516
46,0.303,46.566,47.35720915422886
47,0.283,46.756,48.3955984079602
48,0.309,47.722,49.433987661691546
49,0.3,49.052,50.47237691542289
50,0.304,49.964,51.51076616915423
51,0.282,50.76,52.549155422885576
52,0.246,51.972,53.587544676616915
53,0.271,53.128,54.62593393034826
54,0.262,53.908,55.664323184079606
55,0.279,55.072,56.702712437810945
56,0.27,56.264,57.74110169154229
57,0.286,57.6,58.779490945273636
58,0.325,58.418,59.817880199004975
59,0.353,59.576,60.85626945273632
60,0.392,61.472,61.894658706467666
61,0.42,62.272,62.933047960199005
62,0.44,63.424,63.97143721393034
63,0.445,64.788,65.0098264676617
64,0.403,65.974,66.04821572139303
65,0.398,67.26,67.08660497512437
66,0.408,68.108,68.12499422885573
67,0.373,69.664,69.16338348258707
68,0.364,70.864,70.2017727363184
69,0.321,71.224,71.24016199004976
70,0.342,72.616,72.2785512437811
71,0.352,73.248,73.31694049751243
72,0.398,74.14,74.35532975124377
73,0.349,75.708,75.39371900497513
74,0.363,76.982,76.43210825870646
75,0.391,77.488,77.4704975124378
76,0.379,78.542,78.50888676616916
77,0.38,80.032,79.5472760199005
78,0.36,81.164,80.58566527363183
79,0.33,81.9,81.62405452736319
80,0.324,82.76,82.66244378109452
81,0.335,84.56,83.70083303482586
82,0.336,85.724,84.73922228855722
83,0.336,86.932,85.77761154228855
84,0.351,88.01,86.81600079601989
85,0.324,89.056,87.85439004975125
86,0.331,89.194,88.89277930348258
87,0.316,89.896,89.93116855721392
88,0.283,91.11,90.96955781094528
89,0.282,91.164,92.00794706467661
90,0.288,93.008,93.04633631840795
91,0.324,94.228,94.08472557213929
92,0.314,95.94,95.12311482587064
93,0.349,97.484,96.16150407960198
94,0.353,98.294,97.19989333333332
95,0.382,99.192,98.23828258706467
96,0.338,100.204,99.27667184079601
97,0.361,100.812,100.31506109452735
98,0.388,101.412,101.3534503482587
99,0.414,102.508,102.39183960199004
100,0.38,102.964,103.43022885572138
101,0.408,103.572,104.46861810945273
102,0.408,104.62,105.50700736318407
103,0.412,105.74,106.54539661691541
104,0.393,106.842,107.58378587064675
105,0.42,108.296,108.6221751243781
106,0.393,110.322,109.66056437810944
107,0.383,110.844,110.69895363184078
108,0.409,112.306,111.73734288557213
109,0.393,112.752,112.77573213930347
110,0.37,113.252,113.81412139303481
111,0.353,114.716,114.85251064676616
112,0.36,115.676,115.8908999004975
113,0.343,117.404,116.92928915422884
114,0.338,118.232,117.9676784079602
115,0.34,118.312,119.00606766169153
116,0.387,119.314,120.04445691542287
117,0.386,120.416,121.08284616915422
118,0.424,121.044,122.12123542288556
119,0.441,122.044,123.1596246766169
120,0.48,123.336,124.19801393034825
121,0.523,124.844,125.23640318407959
122,0.512,126.824,126.27479243781093
123,0.532,127.62,127.31318169154227
124,0.504,129.064,128.3515709452736
125,0.48,130.652,129.38996019900497
126,0.512,132.212,130.4283494527363
127,0.517,132.896,131.46673870646765
128,0.473,134.138,132.505127960199
129,0.509,135.764,133.54351721393033
130,0.488,135.744,134.58190646766167
131,0.493,137.12,135.620295721393
132,0.51,137.768,136.65868497512437
133,0.557,139.228,137.6970742288557
134,0.548,140.008,138.73546348258705
135,0.541,140.652,139.7738527363184
136,0.517,141.99,140.81224199004973
137,0.557,143.02,141.85063124378107
138,0.559,143.71,142.88902049751243
139,0.552,144.456,143.92740975124377
140,0.547,145.938,144.9657990049751
141,0.538,146.3,146.00418825870645
142,0.529,146.942,147.0425775124378
143,0.512,147.712,148.08096676616913
144,0.518,148.916,149.11935601990047
145,0.509,149.656,150.15774527363183
146,0.553,150.382,151.19613452736317
147,0.557,151.0,152.2345237810945
148,0.543,151.454,153.27291303482585
149,0.52,153.248,154.3113022885572
150,0.513,154.426,155.34969154228853
151,0.475,156.42,156.3880807960199
152,0.449,156.714,157.42647004975123
153,0.464,157.488,158.46485930348257
154,0.445,157.918,159.5032485572139
155,0.459,158.86,160.54163781094525
156,0.486,160.04,161.58002706467659
157,0.487,161.404,162.61841631840795
158,0.481,163.278,163.6568055721393
159,0.455,164.328,164.69519482587063
160,0.492,165.94,165.73358407960197
161,0.446,167.888,166.7719733333333
162,0.438,168.596,167.81036258706465
163,0.44,169.432,168.84875184079598
164,0.464,169.948,169.88714109452735
165,0.496,171.664,170.9255303482587
166,0.514,172.412,171.96391960199003
167,0.508,173.54,173.00230885572137
168,0.525,174.99,174.0406981094527
169,0.545,177.816,175.07908736318404
170,0.559,179.042,176.1174766169154
171,0.572,179.556,177.15586587064675
172,0.562,179.748,178.1942551243781
173,0.562,180.02,179.23264437810943
174,0.567,181.674,180.27103363184077
175,0.581,182.108,181.3094228855721
176,0.601,182.218,182.34781213930347
177,0.618,183.776,183.3862013930348
178,0.609,184.894,184.42459064676615
179,0.626,185.508,185.4629799004975
180,0.601,186.278,186.50136915422883
181,0.574,187.3,187.53975840796016
182,0.556,188.972,188.5781476616915
183,0.565,189.412,189.61653691542287
184,0.542,189.708,190.6549261691542
185,0.494,190.504,191.69331542288555
186,0.517,192.05,192.73170467661689
187,0.515,192.744,193.77009393034822
188,0.489,193.174,194.80848318407956
189,0.513,194.312,195.84687243781093
190,0.529,196.222,196.88526169154227
191,0.522,197.424,197.9236509452736
192,0.536,198.448,198.96204019900495
193,0.534,199.568,200.00042945273628
194,0.536,200.608,201.03881870646762
195,0.5,201.688,202.07720796019896
196,0.499,202.258,203.11559721393033
197,0.546,203.076,204.15398646766167
198,0.534,204.468,205.192375721393
199,0.548,205.568,206.23076497512434
200,0.555,205.966,207.26915422885568
